Title,URL,Description,Details,ShortDetails,Resource,Type,Identifiers,Db,EntrezUID,Properties
What Does Electroencephalography Coherence Tell Us about Memory Encoding in Adolescents at High Risk of Suicide?,/pubmed/31614360,"Kim Y, Kwon J, Yongtawee A, Woo J, Woo M.",Psychopathology. 2019 Oct 15:1-6. doi: 10.1159/000503374. [Epub ahead of print],Psychopathology.  2019,PubMed,citation,PMID:31614360,pubmed,31614360,create date:2019/10/16 | first author:Kim Y
Using Event-Related Potentials to Improve Our Prediction of Suicide Risk.,/pubmed/31590722,"Gibb BE, Tsypes A.",Biol Psychiatry Cogn Neurosci Neuroimaging. 2019 Oct;4(10):854-855. doi: 10.1016/j.bpsc.2019.08.003. No abstract available. ,Biol Psychiatry Cogn Neurosci Neuroimaging.  2019,PubMed,citation,PMID:31590722,pubmed,31590722,create date:2019/10/09 | first author:Gibb BE
The selective orexin-2 antagonist seltorexant (JNJ-42847922/MIN-202) shows antidepressant and sleep-promoting effects in patients with major depressive disorder.,/pubmed/31481683,"Recourt K, de Boer P, Zuiker R, Luthringer R, Kent J, van der Ark P, Van Hove I, van Gerven J, Jacobs G, van Nueten L, Drevets W.",Transl Psychiatry. 2019 Sep 3;9(1):216. doi: 10.1038/s41398-019-0553-z. Erratum in: Transl Psychiatry. 2019 Oct 2;9(1):240. ,Transl Psychiatry.  2019,PubMed,citation,PMID:31481683 | PMCID:PMC6722075,pubmed,31481683,create date:2019/09/05 | first author:Recourt K
Massive fatal overdose of abrin with progressive encephalopathy().,/pubmed/31456429,"Horowitz BZ, Castelli R, Hughes A, Hendrickson RG, Johnson RC, Thomas JD.",Clin Toxicol (Phila). 2019 Aug 28:1-4. doi: 10.1080/15563650.2019.1655150. [Epub ahead of print],Clin Toxicol (Phila).  2019,PubMed,citation,PMID:31456429,pubmed,31456429,create date:2019/08/29 | first author:Horowitz BZ
Depression biomarkers using non-invasive EEG: A review.,/pubmed/31400570,"de Aguiar Neto FS, Rosa JLG.",Neurosci Biobehav Rev. 2019 Oct;105:83-93. doi: 10.1016/j.neubiorev.2019.07.021. Epub 2019 Aug 7. Review.,Neurosci Biobehav Rev.  2019,PubMed,citation,PMID:31400570,pubmed,31400570,create date:2019/08/11 | first author:de Aguiar Neto FS
Impaired Conflict Detection Differentiates Suicide Attempters From Ideating Nonattempters: Evidence From Event-Related Potentials.,/pubmed/31399392,"Albanese BJ, Macatee RJ, Gallyer AJ, Stanley IH, Joiner TE, Schmidt NB.",Biol Psychiatry Cogn Neurosci Neuroimaging. 2019 Oct;4(10):902-912. doi: 10.1016/j.bpsc.2019.05.015. Epub 2019 Jun 5.,Biol Psychiatry Cogn Neurosci Neuroimaging.  2019,PubMed,citation,PMID:31399392,pubmed,31399392,create date:2019/08/11 | first author:Albanese BJ
Frontal Alpha Asymmetry Correlates with Suicidal Behavior in Major Depressive Disorder.,/pubmed/31352704,"Park Y, Jung W, Kim S, Jeon H, Lee SH.",Clin Psychopharmacol Neurosci. 2019 Aug 31;17(3):377-387. doi: 10.9758/cpn.2019.17.3.377.,Clin Psychopharmacol Neurosci.  2019,PubMed,citation,PMID:31352704 | PMCID:PMC6705108,pubmed,31352704,create date:2019/07/30 | first author:Park Y
Differentiating suicide attempts and suicidal ideation using neural markers of emotion regulation.,/pubmed/31323595,"Albanese BJ, Macatee RJ, Stanley IH, Bauer BW, Capron DW, Bernat E, Joiner TE, Schmidt NB.",J Affect Disord. 2019 Oct 1;257:536-550. doi: 10.1016/j.jad.2019.07.014. Epub 2019 Jul 4.,J Affect Disord.  2019,PubMed,citation,PMID:31323595,pubmed,31323595,create date:2019/07/20 | first author:Albanese BJ
Efficacy of transcranial direct current stimulation in reducing impulsivity in borderline personality disorder (TIMBER): study protocol of a randomized controlled clinical trial.,/pubmed/31182143,"Teti Mayer J, Nicolier M, Gabriel D, Masse C, Giustiniani J, Compagne C, Vandel P, Pazart L, Haffen E, Bennabi D.",Trials. 2019 Jun 10;20(1):347. doi: 10.1186/s13063-019-3427-z.,Trials.  2019,PubMed,citation,PMID:31182143 | PMCID:PMC6558822,pubmed,31182143,create date:2019/06/12 | first author:Teti Mayer J
Magnetic seizure therapy reduces suicidal ideation and produces neuroplasticity in treatment-resistant depression.,/pubmed/30470735,"Sun Y, Blumberger DM, Mulsant BH, Rajji TK, Fitzgerald PB, Barr MS, Downar J, Wong W, Farzan F, Daskalakis ZJ.",Transl Psychiatry. 2018 Nov 23;8(1):253. doi: 10.1038/s41398-018-0302-8.,Transl Psychiatry.  2018,PubMed,citation,PMID:30470735 | PMCID:PMC6251931,pubmed,30470735,create date:2018/11/25 | first author:Sun Y
Effect of Affective Reward on Cognitive Event-related Potentials and its Relationship with Psychological Pain and Suicide Risk among Patients with Major Depressive Disorder.,/pubmed/30390328,"Song W, Li H, Guo T, Jiang S, Wang X.",Suicide Life Threat Behav. 2019 Oct;49(5):1290-1306. doi: 10.1111/sltb.12524. Epub 2018 Nov 2.,Suicide Life Threat Behav.  2019,PubMed,citation,PMID:30390328,pubmed,30390328,create date:2018/11/06 | first author:Song W
Contingent negative variation in acute trauma patients: A prospective exploratory study.,/pubmed/30205130,"Kowalski JT, Falkenhagen F, Radtke Y, Niederberger U, Petermann F, Darabaneanu S, Steinmann E, Gerber WD, Siniatchkin M.",Biol Psychol. 2018 Oct;138:126-132. doi: 10.1016/j.biopsycho.2018.09.001. Epub 2018 Sep 8.,Biol Psychol.  2018,PubMed,citation,PMID:30205130,pubmed,30205130,create date:2018/09/12 | first author:Kowalski JT
A Promising New Strategy to Improve Treatment Outcomes for Patients with Depression.,/pubmed/30156460,"Carpenter G, Harbin HT, Smith RL, Hornberger J, Nash DB.",Popul Health Manag. 2019 Jun;22(3):223-228. doi: 10.1089/pop.2018.0101. Epub 2018 Aug 29.,Popul Health Manag.  2019,PubMed,citation,PMID:30156460 | PMCID:PMC6555180,pubmed,30156460,create date:2018/08/30 | first author:Carpenter G
Electroencephalographic and cardiovascular markers of vulnerability within families of suicidal adolescents: A pilot study.,/pubmed/29782969,"Kaufman EA, Crowell SE, Coleman J, Puzia ME, Gray DD, Strayer DL.",Biol Psychol. 2018 Jul;136:46-56. doi: 10.1016/j.biopsycho.2018.05.007. Epub 2018 May 18.,Biol Psychol.  2018,PubMed,citation,PMID:29782969,pubmed,29782969,create date:2018/05/22 | first author:Kaufman EA
Neural reward responsiveness in children who engage in nonsuicidal self-injury: an ERP study.,/pubmed/29665047,"Tsypes A, Owens M, Hajcak G, Gibb BE.",J Child Psychol Psychiatry. 2018 Dec;59(12):1289-1297. doi: 10.1111/jcpp.12919. Epub 2018 Apr 17.,J Child Psychol Psychiatry.  2018,PubMed,citation,PMID:29665047 | PMCID:PMC6192869,pubmed,29665047,create date:2018/04/18 | first author:Tsypes A
Event-Related Potential Measures of Attention Capture in Adolescent Inpatients With Acute Suicidal Behavior.,/pubmed/29615936,"Tavakoli P, Boafo A, Dale A, Robillard R, Greenham SL, Campbell K.",Front Psychiatry. 2018 Mar 19;9:85. doi: 10.3389/fpsyt.2018.00085. eCollection 2018.,Front Psychiatry.  2018,PubMed,citation,PMID:29615936 | PMCID:PMC5868137,pubmed,29615936,create date:2018/04/05 | first author:Tavakoli P
"The Association Between Suicidal Behavior, Attentional Control, and Frontal Asymmetry.",/pubmed/29593586,"Thompson C, Ong ELC.",Front Psychiatry. 2018 Mar 14;9:79. doi: 10.3389/fpsyt.2018.00079. eCollection 2018.,Front Psychiatry.  2018,PubMed,citation,PMID:29593586 | PMCID:PMC5861137,pubmed,29593586,create date:2018/03/30 | first author:Thompson C
Nineteen and Up study (19Up): understanding pathways to mental health disorders in young Australian twins.,/pubmed/29550775,"Couvy-Duchesne B, O'Callaghan V, Parker R, Mills N, Kirk KM, Scott J, Vinkhuyzen A, Hermens DF, Lind PA, Davenport TA, Burns JM, Connell M, Zietsch BP, Scott J, Wright MJ, Medland SE, McGrath J, Martin NG, Hickie IB, Gillespie NA.",BMJ Open. 2018 Mar 17;8(3):e018959. doi: 10.1136/bmjopen-2017-018959.,BMJ Open.  2018,PubMed,citation,PMID:29550775 | PMCID:PMC5875659,pubmed,29550775,create date:2018/03/20 | first author:Couvy-Duchesne B
"Demographic, Clinical and Polysomnographic Characteristics of Childhood- and Adult-Onset Sleepwalking in Adults.",/pubmed/29073634,"Bargiotas P, Arnet I, Frei M, Baumann CR, Schindler K, Bassetti CL.",Eur Neurol. 2017;78(5-6):307-311. doi: 10.1159/000481685. Epub 2017 Oct 26.,Eur Neurol.  2017,PubMed,citation,PMID:29073634,pubmed,29073634,create date:2017/10/27 | first author:Bargiotas P
ERP investigation of attentional disengagement from suicide-relevant information in patients with major depressive disorder.,/pubmed/28846957,"Baik SY, Jeong M, Kim HS, Lee SH.",J Affect Disord. 2018 Jan 1;225:357-364. doi: 10.1016/j.jad.2017.08.046. Epub 2017 Aug 18.,J Affect Disord.  2018,PubMed,citation,PMID:28846957,pubmed,28846957,create date:2017/08/29 | first author:Baik SY
Circulating steroids negatively correlate with tinnitus.,/pubmed/28450069,"Chrbolka P, Palúch Z, Hill M, Alušík Š.",Steroids. 2017 Jul;123:37-42. doi: 10.1016/j.steroids.2017.04.004. Epub 2017 Apr 25.,Steroids.  2017,PubMed,citation,PMID:28450069,pubmed,28450069,create date:2017/04/30 | first author:Chrbolka P
"Relationship between Childhood Maltreatment, Suicidality, and Bipolarity: A Retrospective Study.",/pubmed/28326110,Park YM.,Psychiatry Investig. 2017 Mar;14(2):136-140. doi: 10.4306/pi.2017.14.2.136. Epub 2017 Mar 6.,Psychiatry Investig.  2017,PubMed,citation,PMID:28326110 | PMCID:PMC5355010,pubmed,28326110,create date:2017/03/23 | first author:Park YM
Neurophysiological correlates of suicidal ideation in major depressive disorder: Hyperarousal during sleep.,/pubmed/28192765,"Dolsen MR, Cheng P, Arnedt JT, Swanson L, Casement MD, Kim HS, Goldschmied JR, Hoffmann RF, Armitage R, Deldin PJ.",J Affect Disord. 2017 Apr 1;212:160-166. doi: 10.1016/j.jad.2017.01.025. Epub 2017 Jan 26.,J Affect Disord.  2017,PubMed,citation,PMID:28192765 | PMCID:PMC5361570,pubmed,28192765,create date:2017/02/14 | first author:Dolsen MR
A Previously Healthy Adolescent With Acute Encephalopathy and Decorticate Posturing.,/pubmed/27940505,"Kawai Y, DeMonbrun AG, Chambers RS, Nolan DA, Dolcourt BA, Malas NM, Quasney MW.",Pediatrics. 2017 Jan;139(1). pii: e20153779. doi: 10.1542/peds.2015-3779. Epub 2016 Dec 9.,Pediatrics.  2017,PubMed,citation,PMID:27940505,pubmed,27940505,create date:2016/12/13 | first author:Kawai Y
Antisuicidal Response Following Ketamine Infusion Is Associated With Decreased Nighttime Wakefulness in Major Depressive Disorder and Bipolar Disorder.,/pubmed/27929610,"Vande Voort JL, Ballard ED, Luckenbaugh DA, Bernert RA, Richards EM, Niciu MJ, Park LT, Machado-Vieira R, Duncan WC Jr, Zarate CA Jr.",J Clin Psychiatry. 2017 Sep/Oct;78(8):1068-1074. doi: 10.4088/JCP.15m10440.,J Clin Psychiatry.  2017,PubMed,citation,PMID:27929610 | PMCID:PMC5641476,pubmed,27929610,create date:2016/12/09 | first author:Vande Voort JL
The northeast regional SPS meeting update: Safety pharmacology innovations and applications.,/pubmed/27913272,"Pannirselvam M, Brabham T, Botchway AW, Hodges DB, Traebert M, Pugsley MK.",J Pharmacol Toxicol Methods. 2017 May - Jun;85:82-86. doi: 10.1016/j.vascn.2016.11.005. Epub 2016 Nov 30. Review.,J Pharmacol Toxicol Methods.  2017,PubMed,citation,PMID:27913272,pubmed,27913272,create date:2016/12/04 | first author:Pannirselvam M
Aims and structure of the German Research Consortium BipoLife for the study of bipolar disorder.,/pubmed/27873290,"Ritter PS, Bermpohl F, Gruber O, Hautzinger M, Jansen A, Juckel G, Kircher T, Lambert M, Mulert C, Pfennig A, Reif A, Rienhoff O, Schulze TG, Severus E, Stamm T, Bauer M.",Int J Bipolar Disord. 2016 Dec;4(1):26. Epub 2016 Nov 21. Review.,Int J Bipolar Disord.  2016,PubMed,citation,PMID:27873290 | PMCID:PMC5118379,pubmed,27873290,create date:2016/11/23 | first author:Ritter PS
"Neural responses to gains and losses in children of suicide attempters"": Correction to Tsypes et al. (2016).",/pubmed/27869460,[No authors listed],J Abnorm Psychol. 2017 Feb;126(2):243. doi: 10.1037/abn0000248. Epub 2016 Nov 21.,J Abnorm Psychol.  2017,PubMed,citation,PMID:27869460,pubmed,27869460,create date:2016/11/22
Neural responses to gains and losses in children of suicide attempters.,/pubmed/27808540,"Tsypes A, Owens M, Hajcak G, Gibb BE.",J Abnorm Psychol. 2017 Feb;126(2):237-243. doi: 10.1037/abn0000237. Epub 2016 Nov 3.,J Abnorm Psychol.  2017,PubMed,citation,PMID:27808540 | PMCID:PMC5305438,pubmed,27808540,create date:2016/11/04 | first author:Tsypes A
The use of the Psychiatric Electroencephalography Evaluation Registry (PEER) to personalize pharmacotherapy.,/pubmed/27601908,"Iosifescu DV, Neborsky RJ, Valuck RJ.",Neuropsychiatr Dis Treat. 2016 Aug 25;12:2131-42. doi: 10.2147/NDT.S113712. eCollection 2016.,Neuropsychiatr Dis Treat.  2016,PubMed,citation,PMID:27601908 | PMCID:PMC5003598,pubmed,27601908,create date:2016/09/08 | first author:Iosifescu DV
A case of suspected brain death within 24 hours after ingestion of tolfenpyrad and an organophosphorus insecticide.,/pubmed/30549942,"Isaka A, Masubuchi T, Oka Y, Aso S, Kasuya M, Ito C.","Chudoku Kenkyu. 2016 Sep;29(3):247-250. English, Japanese. ",Chudoku Kenkyu.  2016,PubMed,citation,PMID:30549942,pubmed,30549942,create date:2016/09/01 | first author:Isaka A
"How Childhood Maltreatment Is Related to Suicidality, Bipolarity and Central Serotonergic Activity in Patients with Major Depressive Disorder: A Cross-Sectional Pilot Study.",/pubmed/27081379,"Lee BH, Park YM.",Psychiatry Investig. 2016 Mar;13(2):190-5. doi: 10.4306/pi.2016.13.2.190. Epub 2016 Mar 23.,Psychiatry Investig.  2016,PubMed,citation,PMID:27081379 | PMCID:PMC4823194,pubmed,27081379,create date:2016/04/16 | first author:Lee BH
Evidence of cerebrospinal fluid abnormalities in patients with depressive syndromes.,/pubmed/27017374,"Endres D, Perlov E, Dersch R, Baumgartner A, Hottenrott T, Berger B, Stich O, Tebartz van Elst L.",J Affect Disord. 2016 Jul 1;198:178-84. doi: 10.1016/j.jad.2016.03.030. Epub 2016 Mar 10.,J Affect Disord.  2016,PubMed,citation,PMID:27017374,pubmed,27017374,create date:2016/03/28 | first author:Endres D
Indicators for Remission of Suicidal Ideation Following Magnetic Seizure Therapy in Patients With Treatment-Resistant Depression.,/pubmed/26981889,"Sun Y, Farzan F, Mulsant BH, Rajji TK, Fitzgerald PB, Barr MS, Downar J, Wong W, Blumberger DM, Daskalakis ZJ.",JAMA Psychiatry. 2016 Apr;73(4):337-45. doi: 10.1001/jamapsychiatry.2015.3097.,JAMA Psychiatry.  2016,PubMed,citation,PMID:26981889,pubmed,26981889,create date:2016/03/17 | first author:Sun Y
"Preliminary comparison of plasma notch-associated microRNA-34b and -34c levels in drug naive, first episode depressed patients and healthy controls.",/pubmed/26807671,"Sun N, Lei L, Wang Y, Yang C, Liu Z, Li X, Zhang K.",J Affect Disord. 2016 Apr;194:109-14. doi: 10.1016/j.jad.2016.01.017. Epub 2016 Jan 14.,J Affect Disord.  2016,PubMed,citation,PMID:26807671,pubmed,26807671,create date:2016/01/26 | first author:Sun N
Does suicidal desire moderate the association between frontal delta power and psychological pain?,/pubmed/26793422,"Meerwijk EL, Weiss SJ.",PeerJ. 2016 Jan 4;4:e1538. doi: 10.7717/peerj.1538. eCollection 2016.,PeerJ.  2016,PubMed,citation,PMID:26793422 | PMCID:PMC4715463,pubmed,26793422,create date:2016/01/23 | first author:Meerwijk EL
"Depression and reduced neural response to emotional images: Distinction from anxiety, and importance of symptom dimensions and age of onset.",/pubmed/26726817,"Weinberg A, Perlman G, Kotov R, Hajcak G.",J Abnorm Psychol. 2016 Jan;125(1):26-39. doi: 10.1037/abn0000118.,J Abnorm Psychol.  2016,PubMed,citation,PMID:26726817,pubmed,26726817,create date:2016/01/05 | first author:Weinberg A
Preserved Error-Monitoring in Borderline Personality Disorder Patients with and without Non-Suicidal Self-Injury Behaviors.,/pubmed/26636971,"Vega D, Vilà-Balló A, Soto À, Amengual J, Ribas J, Torrubia R, Rodríguez-Fornells A, Marco-Pallarés J.",PLoS One. 2015 Dec 4;10(12):e0143994. doi: 10.1371/journal.pone.0143994. eCollection 2015.,PLoS One.  2015,PubMed,citation,PMID:26636971 | PMCID:PMC4670111,pubmed,26636971,create date:2015/12/05 | first author:Vega D
Relationship between Serotonergic Dysfunction Based on Loudness Dependence of Auditory-Evoked Potentials and Suicide in Patients with Major Depressive Disorder.,/pubmed/26508951,Park YM.,Psychiatry Investig. 2015 Oct;12(4):421-4. doi: 10.4306/pi.2015.12.4.421. Epub 2015 Sep 30. Review.,Psychiatry Investig.  2015,PubMed,citation,PMID:26508951 | PMCID:PMC4620297,pubmed,26508951,create date:2015/10/29 | first author:Park YM
Loudness dependence of auditory evoked potentials (LDAEP) in clinical monitoring of suicidal patients with major depression in comparison with non-suicidal depressed patients and healthy volunteers: A follow-up-study.,/pubmed/26120809,"Graßnickel V, Illes F, Juckel G, Uhl I.",J Affect Disord. 2015 Sep 15;184:299-304. doi: 10.1016/j.jad.2015.06.007. Epub 2015 Jun 17.,J Affect Disord.  2015,PubMed,citation,PMID:26120809,pubmed,26120809,create date:2015/06/30 | first author:Graßnickel V
[Suicide attempt by means of phenobarbital overdose. Effective treatment with continuous veno-venous hemodialysis].,/pubmed/26070921,"Ruhe M, Grautoff S, Kähler J, Pohle T.",Med Klin Intensivmed Notfmed. 2016 Mar;111(2):141-4. doi: 10.1007/s00063-015-0046-7. Epub 2015 Jun 13. German. ,Med Klin Intensivmed Notfmed.  2016,PubMed,citation,PMID:26070921,pubmed,26070921,create date:2015/06/14 | first author:Ruhe M
Differences in emotion modulation using cognitive reappraisal in individuals with and without suicidal ideation: An ERP study.,/pubmed/25978547,"Kudinova AY, Owens M, Burkhouse KL, Barretto KM, Bonanno GA, Gibb BE.",Cogn Emot. 2016 Aug;30(5):999-1007. doi: 10.1080/02699931.2015.1036841. Epub 2015 May 15.,Cogn Emot.  2016,PubMed,citation,PMID:25978547,pubmed,25978547,create date:2015/05/16 | first author:Kudinova AY
The relationship between intentional self-injurious behavior and the loudness dependence of auditory evoked potential in research volunteers.,/pubmed/25327536,"Marsic A, Berman ME, Barry TD, McCloskey MS.",J Clin Psychol. 2015 Mar;71(3):250-7. doi: 10.1002/jclp.22136. Epub 2014 Oct 18.,J Clin Psychol.  2015,PubMed,citation,PMID:25327536,pubmed,25327536,create date:2014/10/21 | first author:Marsic A
"Deep brain stimulation of the basolateral amygdala for treatment-refractory combat post-traumatic stress disorder (PTSD): study protocol for a pilot randomized controlled trial with blinded, staggered onset of stimulation.",/pubmed/25208824,"Koek RJ, Langevin JP, Krahl SE, Kosoyan HJ, Schwartz HN, Chen JW, Melrose R, Mandelkern MJ, Sultzer D.",Trials. 2014 Sep 10;15:356. doi: 10.1186/1745-6215-15-356.,Trials.  2014,PubMed,citation,PMID:25208824 | PMCID:PMC4168122,pubmed,25208824,create date:2014/09/12 | first author:Koek RJ
Clinical implications of loudness dependence of auditory evoked potentials in patients with atypical depression.,/pubmed/24865151,"Lee SH, Park YC, Yoon S, Kim JI, Hahn SW.",Prog Neuropsychopharmacol Biol Psychiatry. 2014 Oct 3;54:7-12. doi: 10.1016/j.pnpbp.2014.05.010. Epub 2014 May 24.,Prog Neuropsychopharmacol Biol Psychiatry.  2014,PubMed,citation,PMID:24865151,pubmed,24865151,create date:2014/05/29 | first author:Lee SH
"The association between serum lipid levels, suicide ideation, and central serotonergic activity in patients with major depressive disorder.",/pubmed/24679391,"Park YM, Lee BH, Lee SH.",J Affect Disord. 2014 Apr;159:62-5. doi: 10.1016/j.jad.2014.01.016. Epub 2014 Feb 8.,J Affect Disord.  2014,PubMed,citation,PMID:24679391,pubmed,24679391,create date:2014/04/01 | first author:Park YM
"Serum BDNF levels in relation to illness severity, suicide attempts, and central serotonin activity in patients with major depressive disorder: a pilot study.",/pubmed/24663244,"Park YM, Lee BH, Um TH, Kim S.",PLoS One. 2014 Mar 24;9(3):e91061. doi: 10.1371/journal.pone.0091061. eCollection 2014.,PLoS One.  2014,PubMed,citation,PMID:24663244 | PMCID:PMC3963843,pubmed,24663244,create date:2014/03/26 | first author:Park YM
Polysomnographic features of early-onset depression: a meta-analysis.,/pubmed/24655760,"Augustinavicius JL, Zanjani A, Zakzanis KK, Shapiro CM.",J Affect Disord. 2014 Apr;158:11-8. doi: 10.1016/j.jad.2013.12.009. Epub 2014 Jan 9. Review.,J Affect Disord.  2014,PubMed,citation,PMID:24655760,pubmed,24655760,create date:2014/03/25 | first author:Augustinavicius JL
EEG asymmetry in borderline personality disorder and depression following rejection.,/pubmed/24364503,"Beeney JE, Levy KN, Gatzke-Kopp LM, Hallquist MN.",Personal Disord. 2014 Apr;5(2):178-85. doi: 10.1037/per0000032. Epub 2013 Dec 23.,Personal Disord.  2014,PubMed,citation,PMID:24364503 | PMCID:PMC4137775,pubmed,24364503,create date:2013/12/25 | first author:Beeney JE
Can the Loudness Dependence of Auditory Evoked Potentials and Suicidality Be Used to Differentiate between Depressive Patients with and without Bipolarity.,/pubmed/23798962,"Park YM, Lee SH.",Psychiatry Investig. 2013 Jun;10(2):143-7. doi: 10.4306/pi.2013.10.2.143. Epub 2013 May 30.,Psychiatry Investig.  2013,PubMed,citation,PMID:23798962 | PMCID:PMC3687048,pubmed,23798962,create date:2013/06/27 | first author:Park YM
"New revelations about Hans Berger, father of the electroencephalogram (EEG), and his ties to the Third Reich.",/pubmed/23752072,"Zeidman LA, Stone J, Kondziella D.",J Child Neurol. 2014 Jul;29(7):1002-10. doi: 10.1177/0883073813486558. Epub 2013 Jun 10.,J Child Neurol.  2014,PubMed,citation,PMID:23752072,pubmed,23752072,create date:2013/06/12 | first author:Zeidman LA
"Multi-modal brain imaging showing brain damage to the orbitofrontal cortex and left hemisphere, in a case of prolonged hypoglycemia-induced transient hemiplegia followed by persistent encephalopathy.",/pubmed/23711198,"Koike S, Sasaki R.",Psychiatry Clin Neurosci. 2013 Jul;67(5):360-2. doi: 10.1111/pcn.12057. Epub 2013 May 28.,Psychiatry Clin Neurosci.  2013,PubMed,citation,PMID:23711198,pubmed,23711198,create date:2013/05/29 | first author:Koike S
Disrupted reinforcement learning and maladaptive behavior in women with a history of childhood sexual abuse: a high-density event-related potential study.,/pubmed/23487253,"Pechtel P, Pizzagalli DA.",JAMA Psychiatry. 2013 May;70(5):499-507. doi: 10.1001/jamapsychiatry.2013.728.,JAMA Psychiatry.  2013,PubMed,citation,PMID:23487253 | PMCID:PMC3642225,pubmed,23487253,create date:2013/03/15 | first author:Pechtel P
The association between suicidality and serotonergic dysfunction in depressed patients.,/pubmed/23312213,"Kim DH, Park YM.",J Affect Disord. 2013 May 15;148(1):72-6. doi: 10.1016/j.jad.2012.11.051. Epub 2013 Jan 9.,J Affect Disord.  2013,PubMed,citation,PMID:23312213,pubmed,23312213,create date:2013/01/15 | first author:Kim DH
Neurocognitive profiles of people with borderline personality disorder.,/pubmed/23196999,"Mak AD, Lam LC.",Curr Opin Psychiatry. 2013 Jan;26(1):90-6. doi: 10.1097/YCO.0b013e32835b57a9. Review.,Curr Opin Psychiatry.  2013,PubMed,citation,PMID:23196999,pubmed,23196999,create date:2012/12/01 | first author:Mak AD
Clinical characteristics associated with different strengths of loudness dependence of auditory evoked potentials (LDAEP) in major depressive disorder.,/pubmed/23021319,"Min JA, Lee SH, Lee SY, Chae JH, Lee CU, Park YM, Bae SM.",Psychiatry Res. 2012 Dec 30;200(2-3):374-81. doi: 10.1016/j.psychres.2012.06.038. Epub 2012 Sep 25.,Psychiatry Res.  2012,PubMed,citation,PMID:23021319,pubmed,23021319,create date:2012/10/02 | first author:Min JA
More excited for negative facial expressions in depression: evidence from an event-related potential study.,/pubmed/22727714,"Dai Q, Feng Z.",Clin Neurophysiol. 2012 Nov;123(11):2172-9. doi: 10.1016/j.clinph.2012.04.018. Epub 2012 Jun 23.,Clin Neurophysiol.  2012,PubMed,citation,PMID:22727714,pubmed,22727714,create date:2012/06/26 | first author:Dai Q
Loudness dependence of auditory evoked potentials (LDAEP) in clinical monitoring of suicidal patients with major depression: a pilot study.,/pubmed/22350533,"Uhl I, Illes F, Graßnickel V, Echterhoff S, Norra C, Juckel G.",Eur Arch Psychiatry Clin Neurosci. 2012 Sep;262(6):487-92. doi: 10.1007/s00406-012-0297-8. Epub 2012 Feb 18.,Eur Arch Psychiatry Clin Neurosci.  2012,PubMed,citation,PMID:22350533,pubmed,22350533,create date:2012/02/22 | first author:Uhl I
Awareness under general anesthesia.,/pubmed/21285993,"Bischoff P, Rundshagen I.",Dtsch Arztebl Int. 2011 Jan;108(1-2):1-7. doi: 10.3238/arztebl.2011.0001. Epub 2011 Jan 10. Review.,Dtsch Arztebl Int.  2011,PubMed,citation,PMID:21285993 | PMCID:PMC3026393,pubmed,21285993,create date:2011/02/03 | first author:Bischoff P
[Clinical-neurophysiological aspects of suicidal behavior].,/pubmed/20037564,"Voĭtsekh VF, Mel'nikova TS, Lapin IA.",Zh Nevrol Psikhiatr Im S S Korsakova. 2009;109(10):14-20. Russian. ,Zh Nevrol Psikhiatr Im S S Korsakova.  2009,PubMed,citation,PMID:20037564,pubmed,20037564,create date:2009/12/29 | first author:Voĭtsekh VF
Suicide risk markers in major depressive disorder: a study of electrodermal activity and event-related potentials.,/pubmed/19819558,"Jandl M, Steyer J, Kaschka WP.",J Affect Disord. 2010 Jun;123(1-3):138-49. doi: 10.1016/j.jad.2009.09.011. Epub 2009 Oct 12.,J Affect Disord.  2010,PubMed,citation,PMID:19819558,pubmed,19819558,create date:2009/10/13 | first author:Jandl M
Psychosis secondary to traumatic brain injury.,/pubmed/19274520,"Guerreiro DF, Navarro R, Silva M, Carvalho M, Gois C.",Brain Inj. 2009 Apr;23(4):358-61. doi: 10.1080/02699050902800918. Review.,Brain Inj.  2009,PubMed,citation,PMID:19274520,pubmed,19274520,create date:2009/03/11 | first author:Guerreiro DF
Prediction of clinical response to antidepressants in patients with depression: neurophysiology in clinical practice.,/pubmed/17515171,"Pogarell O, Juckel G, Norra C, Leicht G, Karch S, Schaaff N, Folkerts M, Ibrahim A, Mulert C, Hegerl U.",Clin EEG Neurosci. 2007 Apr;38(2):74-7. Review.,Clin EEG Neurosci.  2007,PubMed,citation,PMID:17515171,pubmed,17515171,create date:2007/05/23 | first author:Pogarell O
Effects of meditation on frontal alpha-asymmetry in previously suicidal individuals.,/pubmed/17426604,"Barnhofer T, Duggan D, Crane C, Hepburn S, Fennell MJ, Williams JM.",Neuroreport. 2007 May 7;18(7):709-12.,Neuroreport.  2007,PubMed,citation,PMID:17426604,pubmed,17426604,create date:2007/04/12 | first author:Barnhofer T
The psychological and neurophysiological concomitants of mindfulness forms of meditation.,/pubmed/26952819,"Ivanovski B, Malhi GS.",Acta Neuropsychiatr. 2007 Apr;19(2):76-91. doi: 10.1111/j.1601-5215.2007.00175.x.,Acta Neuropsychiatr.  2007,PubMed,citation,PMID:26952819,pubmed,26952819,create date:2007/04/01 | first author:Ivanovski B
Serotonin dysfunction and suicide attempts in major depressives: an auditory event-related potential study.,/pubmed/15942261,"Chen TJ, Yu YW, Chen MC, Wang SY, Tsai SJ, Lee TW.",Neuropsychobiology. 2005;52(1):28-36. Epub 2005 Jun 3.,Neuropsychobiology.  2005,PubMed,citation,PMID:15942261,pubmed,15942261,create date:2005/06/09 | first author:Chen TJ
"[Diphenhydramin-overdose: anticholinergic symptoms, EEG-findings in the course and drug treatment of a gerontopsychiatric patient].",/pubmed/15570534,Englert I.,Psychiatr Prax. 2004 Nov;31 Suppl 1:S145-6. German. ,Psychiatr Prax.  2004,PubMed,citation,PMID:15570534,pubmed,15570534,create date:2004/12/01 | first author:Englert I
Difficulties in assessing brain death in a case of benzodiazepine poisoning with persistent cerebral blood flow.,/pubmed/15553176,"Marrache F, Mégarbane B, Pirnay S, Rhaoui A, Thuong M.",Hum Exp Toxicol. 2004 Oct;23(10):503-5.,Hum Exp Toxicol.  2004,PubMed,citation,PMID:15553176,pubmed,15553176,create date:2004/11/24 | first author:Marrache F
"A ""new-old"" way of thinking about brain disorder, cerebral excitability--the fundamental property of nervous tissue.",/pubmed/15533632,Saugstad LF.,Med Hypotheses. 2005;64(1):142-50.,Med Hypotheses.  2005,PubMed,citation,PMID:15533632,pubmed,15533632,create date:2004/11/10 | first author:Saugstad LF
"Differential nociceptive deficits in patients with borderline personality disorder and self-injurious behavior: laser-evoked potentials, spatial discrimination of noxious stimuli, and pain ratings.",/pubmed/15275800,"Schmahl C, Greffrath W, Baumgärtner U, Schlereth T, Magerl W, Philipsen A, Lieb K, Bohus M, Treede RD.",Pain. 2004 Jul;110(1-2):470-9.,Pain.  2004,PubMed,citation,PMID:15275800,pubmed,15275800,create date:2004/07/28 | first author:Schmahl C
Neurobiological and psychological correlates of suicidal attempts and thoughts of death in patients with major depression.,/pubmed/14730200,"Fountoulakis KN, Iacovides A, Fotiou F, Nimatoudis J, Bascialla F, Ioannidou C, Kaprinis G, Bech P.",Neuropsychobiology. 2004;49(1):42-52.,Neuropsychobiology.  2004,PubMed,citation,PMID:14730200,pubmed,14730200,create date:2004/01/20 | first author:Fountoulakis KN
"Confirmation of the neurophysiologically predicted therapeutic effects of trazodone on its target symptoms depression, anxiety and insomnia by postmarketing clinical studies with a controlled-release formulation in depressed outpatients.",/pubmed/14673218,"Saletu-Zyhlarz GM, Anderer P, Arnold O, Saletu B.",Neuropsychobiology. 2003;48(4):194-208.,Neuropsychobiology.  2003,PubMed,citation,PMID:14673218,pubmed,14673218,create date:2003/12/16 | first author:Saletu-Zyhlarz GM
[Episodes of depression with attempted suicide after taking valsartan with hydrochlorothiazide].,/pubmed/14648436,"Ullrich H, Passenberg P, Agelink MW.",Dtsch Med Wochenschr. 2003 Nov 28;128(48):2534-6. German. ,Dtsch Med Wochenschr.  2003,PubMed,citation,PMID:14648436,pubmed,14648436,create date:2003/12/04 | first author:Ullrich H
Differentiating depressed adolescent 24 h cortisol secretion in light of their adult clinical outcome.,/pubmed/12784120,"Mathew SJ, Coplan JD, Goetz RR, Feder A, Greenwald S, Dahl RE, Ryan ND, Mann JJ, Weissman MM.",Neuropsychopharmacology. 2003 Jul;28(7):1336-43. Epub 2003 Apr 30.,Neuropsychopharmacology.  2003,PubMed,citation,PMID:12784120,pubmed,12784120,create date:2003/06/05 | first author:Mathew SJ
Sensory evoked potentials in patients with affective disorders accompanying suicidal behavior.,/pubmed/12609086,"Wang H, Chen X, Bai P, Yin L.",Chin Med J (Engl). 2002 Nov;115(11):1675-8.,Chin Med J (Engl).  2002,PubMed,citation,PMID:12609086,pubmed,12609086,create date:2003/03/01 | first author:Wang H
Transient diffuse cerebral hypoperfusion in Tc-99m HMPAO SPECT of the brain during withdrawal syndrome following acute barbiturate poisoning.,/pubmed/12458639,"Kamijo Y, Soma K, Kondo R, Ohwada T.",Vet Hum Toxicol. 2002 Dec;44(6):348-50.,Vet Hum Toxicol.  2002,PubMed,citation,PMID:12458639,pubmed,12458639,create date:2002/12/03 | first author:Kamijo Y
Clinicoradiological observation in three patients with suicidal hanging.,/pubmed/12039659,"Kalita J, Mishra VN, Misra UK, Gupta RK.",J Neurol Sci. 2002 Jun 15;198(1-2):21-4.,J Neurol Sci.  2002,PubMed,citation,PMID:12039659,pubmed,12039659,create date:2002/06/01 | first author:Kalita J
[Event-related potentials and suicide behavior in patients with affective disorder].,/pubmed/11798771,"Wang J, Chen X, Lou F.",Zhonghua Yi Xue Za Zhi. 2000 Apr;80(4):275-7. Chinese. ,Zhonghua Yi Xue Za Zhi.  2000,PubMed,citation,PMID:11798771,pubmed,11798771,create date:2002/01/19 | first author:Wang J
Sleep-EEG in borderline patients without concomitant major depression: a comparison with major depressives and normal control subjects.,/pubmed/11740978,"De la Fuente JM, Bobes J, Vizuete C, Mendlewicz J.",Psychiatry Res. 2001 Dec 15;105(1-2):87-95.,Psychiatry Res.  2001,PubMed,citation,PMID:11740978,pubmed,11740978,create date:2001/12/13 | first author:De la Fuente JM
[Alpha-interferon and mental disorders].,/pubmed/11686052,"Debien C, De Chouly De Lenclave MB, Foutrein P, Bailly D.",Encephale. 2001 Jul-Aug;27(4):308-17. Review. French. ,Encephale.  2001,PubMed,citation,PMID:11686052,pubmed,11686052,create date:2001/11/01 | first author:Debien C
Sleep and suicide in psychiatric patients.,/pubmed/11534931,"Singareddy RK, Balon R.",Ann Clin Psychiatry. 2001 Jun;13(2):93-101. Review.,Ann Clin Psychiatry.  2001,PubMed,citation,PMID:11534931,pubmed,11534931,create date:2001/09/06 | first author:Singareddy RK
Fatal poisoning by butachlor and chlornitrofen ingested from a bottle marked as nitrofen.,/pubmed/11474734,"Lin TJ, Li HP, Wong SS, Hung DZ, Yang DY.",Vet Hum Toxicol. 2001 Aug;43(4):212-4.,Vet Hum Toxicol.  2001,PubMed,citation,PMID:11474734,pubmed,11474734,create date:2001/07/28 | first author:Lin TJ
Sleep polysomnography as a predictor of recurrence in children and adolescents with major depressive disorder.,/pubmed/11466166,"Emslie GJ, Armitage R, Weinberg WA, Rush AJ, Mayes TL, Hoffmann RF.",Int J Neuropsychopharmacol. 2001 Jun;4(2):159-68. doi: 10.1017/S1461145701002383.,Int J Neuropsychopharmacol.  2001,PubMed,citation,PMID:11466166,pubmed,11466166,create date:2001/07/24 | first author:Emslie GJ
Premorbid polysomnographic signs in depressed adolescents: a reanalysis of EEG sleep after longitudinal follow-up in adulthood.,/pubmed/11377411,"Goetz RR, Wolk SI, Coplan JD, Ryan ND, Weissman MM.",Biol Psychiatry. 2001 Jun 1;49(11):930-42.,Biol Psychiatry.  2001,PubMed,citation,PMID:11377411,pubmed,11377411,create date:2001/05/30 | first author:Goetz RR
[Effective treatment of depressive disorder with psychotic symptoms by olanzapine combination therapy].,/pubmed/11190762,"Schmitt A, Braus DF.",Dtsch Med Wochenschr. 2000 Dec 15;125(50):1526-9. German. ,Dtsch Med Wochenschr.  2000,PubMed,citation,PMID:11190762,pubmed,11190762,create date:2001/02/24 | first author:Schmitt A
Brain 5-HT function in bipolar affective disorder.,/pubmed/26975260,"Young AH, Hughes JH, Ashton CH.",Acta Neuropsychiatr. 2000 Sep;12(3):91-5. doi: 10.1017/S0924270800035481.,Acta Neuropsychiatr.  2000,PubMed,citation,PMID:26975260,pubmed,26975260,create date:2000/09/01 | first author:Young AH
Violent recurrent ballism associated with infections in two children with static encephalopathy.,/pubmed/10830425,"Beran-Koehn MA, Zupanc ML, Patterson MC, Olk DG, Ahlskog JE.",Mov Disord. 2000 May;15(3):570-4.,Mov Disord.  2000,PubMed,citation,PMID:10830425,pubmed,10830425,create date:2000/06/01 | first author:Beran-Koehn MA
Nocturnal growth hormone secretion studies in adolescents with or without major depression re-examined: integration of adult clinical follow-up data.,/pubmed/10745051,"Coplan JD, Wolk SI, Goetz RR, Ryan ND, Dahl RE, Mann JJ, Weissman MM.",Biol Psychiatry. 2000 Apr 1;47(7):594-604.,Biol Psychiatry.  2000,PubMed,citation,PMID:10745051,pubmed,10745051,create date:2000/04/04 | first author:Coplan JD
EEG theta activity and pain insensitivity in self-injurious borderline patients.,/pubmed/10708266,"Russ MJ, Campbell SS, Kakuma T, Harrison K, Zanine E.",Psychiatry Res. 1999 Dec 27;89(3):201-14.,Psychiatry Res.  1999,PubMed,citation,PMID:10708266,pubmed,10708266,create date:2000/03/09 | first author:Russ MJ
Carbon monoxide poisoning causes optic neuropathy.,/pubmed/10070515,"Simmons IG, Good PA.",Eye (Lond). 1998;12 ( Pt 5):809-14.,Eye (Lond).  1998,PubMed,citation,PMID:10070515,pubmed,10070515,create date:1999/03/10 | first author:Simmons IG
Impaired peripheral somatosensory function in children with Prader-Willi syndrome.,/pubmed/9706621,"Brandt BR, Rosén I.",Neuropediatrics. 1998 Jun;29(3):124-6.,Neuropediatrics.  1998,PubMed,citation,PMID:9706621,pubmed,9706621,create date:1998/08/26 | first author:Brandt BR
Outcome of survivors of accidental deep hypothermia and circulatory arrest treated with extracorporeal blood warming.,/pubmed/9366581,"Walpoth BH, Walpoth-Aslan BN, Mattle HP, Radanov BP, Schroth G, Schaeffler L, Fischer AP, von Segesser L, Althaus U.",N Engl J Med. 1997 Nov 20;337(21):1500-5.,N Engl J Med.  1997,PubMed,citation,PMID:9366581,pubmed,9366581,create date:1997/11/20 | first author:Walpoth BH
Repetitive and non-repetitive violent offending behaviour in male patients in a maximum security mental hospital--clinical and neuroimaging findings.,/pubmed/9149510,"Wong M, Fenwick P, Fenton G, Lumsden J, Maisey M, Stevens J.",Med Sci Law. 1997 Apr;37(2):150-60.,Med Sci Law.  1997,PubMed,citation,PMID:9149510,pubmed,9149510,create date:1997/04/01 | first author:Wong M
Abnormality of EEG alpha asymmetry in female adolescent suicide attempters.,/pubmed/8894062,"Graae F, Tenke C, Bruder G, Rotheram MJ, Piacentini J, Castro-Blanco D, Leite P, Towey J.",Biol Psychiatry. 1996 Oct 15;40(8):706-13.,Biol Psychiatry.  1996,PubMed,citation,PMID:8894062,pubmed,8894062,create date:1996/10/15 | first author:Graae F
Suicidal behavior in depressive disorder: an event-related potential study.,/pubmed/8793043,"Hansenne M, Pitchot W, Gonzalez Moreno A, Zaldua IU, Ansseau M.",Biol Psychiatry. 1996 Jul 15;40(2):116-22.,Biol Psychiatry.  1996,PubMed,citation,PMID:8793043,pubmed,8793043,create date:1996/07/15 | first author:Hansenne M
[Diagnosis of cerebral cognitive deficits].,/pubmed/9092213,Zapotoczky HG.,Wien Med Wochenschr. 1996;146(21-22):541-5. Review. German. ,Wien Med Wochenschr.  1996,PubMed,citation,PMID:9092213,pubmed,9092213,create date:1996/01/01 | first author:Zapotoczky HG
"Double-blind, placebo-controlled, hormonal, syndromal and EEG mapping studies with transdermal oestradiol therapy in menopausal depression.",/pubmed/8657828,"Saletu B, Brandstätter N, Metka M, Stamenkovic M, Anderer P, Semlitsch HV, Heytmanek G, Huber J, Grünberger J, Linzmayer L, et al.",Psychopharmacology (Berl). 1995 Dec;122(4):321-9.,Psychopharmacology (Berl).  1995,PubMed,citation,PMID:8657828,pubmed,8657828,create date:1995/12/01 | first author:Saletu B
Delayed onset generalised dystonia after cyanide poisoning.,/pubmed/7586851,"Borgohain R, Singh AK, Radhakrishna H, Rao VC, Mohandas S.",Clin Neurol Neurosurg. 1995 Aug;97(3):213-5.,Clin Neurol Neurosurg.  1995,PubMed,citation,PMID:7586851,pubmed,7586851,create date:1995/08/01 | first author:Borgohain R
"Biological correlates of deliberate self-harm behaviour: a study of electroencephalographic, biochemical and psychological variables in parasuicide.",/pubmed/7872034,"Ashton CH, Marshall EF, Hassanyeh F, Marsh VR, Wright-Honari S.",Acta Psychiatr Scand. 1994 Nov;90(5):316-23.,Acta Psychiatr Scand.  1994,PubMed,citation,PMID:7872034,pubmed,7872034,create date:1994/11/01 | first author:Ashton CH
Sleep EEG features of adolescents with major depression.,/pubmed/7833421,"Emslie GJ, Rush AJ, Weinberg WA, Rintelmann JW, Roffwarg HP.",Biol Psychiatry. 1994 Nov 1;36(9):573-81.,Biol Psychiatry.  1994,PubMed,citation,PMID:7833421,pubmed,7833421,create date:1994/11/01 | first author:Emslie GJ
"Evoked potentials, serotonin, and suicidality.",/pubmed/7984696,"Juckel G, Hegerl U.",Pharmacopsychiatry. 1994 Jul;27 Suppl 1:27-9. Review.,Pharmacopsychiatry.  1994,PubMed,citation,PMID:7984696,pubmed,7984696,create date:1994/07/01 | first author:Juckel G
Acute buflomedil intoxication: a life-threatening condition.,/pubmed/8014291,"Alberti A, Valenti S, Gallo F, Petolillo M, Del Monte D.",Intensive Care Med. 1994;20(3):219-21. Review.,Intensive Care Med.  1994,PubMed,citation,PMID:8014291,pubmed,8014291,create date:1994/01/01 | first author:Alberti A
Hypoglycaemia: brain neurochemistry and neuropathology.,/pubmed/8379907,"Auer RN, Siesjö BK.",Baillieres Clin Endocrinol Metab. 1993 Jul;7(3):611-25. Review.,Baillieres Clin Endocrinol Metab.  1993,PubMed,citation,PMID:8379907,pubmed,8379907,create date:1993/07/01 | first author:Auer RN
[A case of sodium bromate intoxication with cerebral lesion].,/pubmed/8365061,"Matsuyama Z, Katayama S, Nakamura S.",Rinsho Shinkeigaku. 1993 May;33(5):535-40. Japanese. ,Rinsho Shinkeigaku.  1993,PubMed,citation,PMID:8365061,pubmed,8365061,create date:1993/05/01 | first author:Matsuyama Z
Antidepressant drugs and the emergence of suicidal tendencies.,/pubmed/8452661,"Teicher MH, Glod CA, Cole JO.",Drug Saf. 1993 Mar;8(3):186-212. Review.,Drug Saf.  1993,PubMed,citation,PMID:8452661,pubmed,8452661,create date:1993/03/01 | first author:Teicher MH
[Diagnostic inquiries in patients with a theta ground rhythm variant in the EEG].,/pubmed/1438611,"Wendland KL, Fenzel G.",Psychiatr Prax. 1992 Sep;19(5):164-70. German. ,Psychiatr Prax.  1992,PubMed,citation,PMID:1438611,pubmed,1438611,create date:1992/09/01 | first author:Wendland KL
Psychobiologic features of geriatric affective disorder.,/pubmed/1600476,Schneider LS.,Clin Geriatr Med. 1992 May;8(2):253-65. Review.,Clin Geriatr Med.  1992,PubMed,citation,PMID:1600476,pubmed,1600476,create date:1992/05/01 | first author:Schneider LS
The safety profile of paroxetine.,/pubmed/1531828,"Boyer WF, Blumhardt CL.",J Clin Psychiatry. 1992 Feb;53 Suppl:61-6. Review.,J Clin Psychiatry.  1992,PubMed,citation,PMID:1531828,pubmed,1531828,create date:1992/02/01 | first author:Boyer WF
[Toxic lesions to the central nervous system in acute poisoning with red lead].,/pubmed/1669089,"Pach J, Kuśmiderski J, Czeczótko B, Kamenczak A, Pokorska M.",Pol Tyg Lek. 1991 Jun 10-24;46(24-26):452-4. Polish. ,Pol Tyg Lek.  1991,PubMed,citation,PMID:1669089,pubmed,1669089,create date:1991/06/10 | first author:Pach J
EEG sleep of young adults with major depression: a controlled study.,/pubmed/1880313,"Goetz RR, Puig-Antich J, Dahl RE, Ryan ND, Asnis GM, Rabinovich H, Nelson B.",J Affect Disord. 1991 May-Jun;22(1-2):91-100.,J Affect Disord.  1991,PubMed,citation,PMID:1880313,pubmed,1880313,create date:1991/05/01 | first author:Goetz RR
"Sleep, depression, and suicide.",/pubmed/2062968,"Sabo E, Reynolds CF 3rd, Kupfer DJ, Berman SR.",Psychiatry Res. 1991 Mar;36(3):265-77.,Psychiatry Res.  1991,PubMed,citation,PMID:2062968,pubmed,2062968,create date:1991/03/01 | first author:Sabo E
EEG sleep in adolescents with major depression: the role of suicidality and inpatient status.,/pubmed/2140847,"Dahl RE, Puig-Antich J, Ryan ND, Nelson B, Dachille S, Cunningham SL, Trubnick L, Klepper TP.",J Affect Disord. 1990 May;19(1):63-75.,J Affect Disord.  1990,PubMed,citation,PMID:2140847,pubmed,2140847,create date:1990/05/01 | first author:Dahl RE
"[A case of ""interval"" form of acute carbon monoxide poisoning--brain MRI and therapeutic effect of hyperbaric oxygenation].",/pubmed/2387112,"Kodama K, Koseki K, Hanazawa H, Komatsu N, Sato T.",Rinsho Shinkeigaku. 1990 Apr;30(4):420-6. Japanese. ,Rinsho Shinkeigaku.  1990,PubMed,citation,PMID:2387112,pubmed,2387112,create date:1990/04/01 | first author:Kodama K
Electroencephalographic findings in coma caused by fatal chloroquine poisoning.,/pubmed/2290474,"Martinović Z, Sasić M.",Neurologija. 1990;39(4):299-304.,Neurologija.  1990,PubMed,citation,PMID:2290474,pubmed,2290474,create date:1990/01/01 | first author:Martinović Z
[Clinical study on depressive state following stroke].,/pubmed/2236345,Kikumoto O.,Seishin Shinkeigaku Zasshi. 1990;92(7):411-34. Japanese. ,Seishin Shinkeigaku Zasshi.  1990,PubMed,citation,PMID:2236345,pubmed,2236345,create date:1990/01/01 | first author:Kikumoto O
[Neurosurgical ambulatory brain death diagnosis in peripheral hospitals].,/pubmed/2085015,von Tempelhoff W.,Wien Med Wochenschr. 1990;140(23-24):576-8. German. ,Wien Med Wochenschr.  1990,PubMed,citation,PMID:2085015,pubmed,2085015,create date:1990/01/01 | first author:von Tempelhoff W
Experimental retrograde adriamycin trigeminal sensory ganglionectomy.,/pubmed/2460599,"Kato S, Yamamoto T, Iwasaki Y, Niizuma H, Nakamura T, Suzuki J.",J Neurosurg. 1988 Nov;69(5):760-5.,J Neurosurg.  1988,PubMed,citation,PMID:2460599,pubmed,2460599,create date:1988/11/01 | first author:Kato S
Cortical evoked potentials and clinical rating scales as measures of depressive illness.,/pubmed/3399583,"Ashton H, Golding JF, Marsh VR, Thompson JW, Hassanyeh F, Tyrer SP.",Psychol Med. 1988 May;18(2):305-17.,Psychol Med.  1988,PubMed,citation,PMID:3399583,pubmed,3399583,create date:1988/05/01 | first author:Ashton H
A case of valproate intoxication with excessive brain edema.,/pubmed/3110487,"Hintze G, Klein HH, Prange H, Kreuzer H.",Klin Wochenschr. 1987 May 4;65(9):424-7.,Klin Wochenschr.  1987,PubMed,citation,PMID:3110487,pubmed,3110487,create date:1987/05/04 | first author:Hintze G
"Comment on oral contraceptives, EEG dysrhythmias and suicide risk.",/pubmed/3594921,Lester D.,Clin Electroencephalogr. 1987 Apr;18(2):XIII. No abstract available. ,Clin Electroencephalogr.  1987,PubMed,citation,PMID:3594921,pubmed,3594921,create date:1987/04/01 | first author:Lester D
Clinical electroencephalography and the study of suicide behavior.,/pubmed/3529512,Struve FA.,Suicide Life Threat Behav. 1986 Summer;16(2):133-65. Review. No abstract available. ,Suicide Life Threat Behav.  1986,PubMed,citation,PMID:3529512,pubmed,3529512,create date:1986/01/01 | first author:Struve FA
Possible potentiation of suicide risk in patients with EEG dysrhythmias taking oral contraceptives: a speculative empirical note.,/pubmed/4006228,Struve FA.,Clin Electroencephalogr. 1985 Apr;16(2):88-90.,Clin Electroencephalogr.  1985,PubMed,citation,PMID:4006228,pubmed,4006228,create date:1985/04/01 | first author:Struve FA
"Brain energy metabolism and blood-brain barrier permeability in depressive patients: analyses of creatine, creatinine, urate, and albumin in CSF and blood.",/pubmed/6498242,"Niklasson F, Agren H.",Biol Psychiatry. 1984 Aug;19(8):1183-206.,Biol Psychiatry.  1984,PubMed,citation,PMID:6498242,pubmed,6498242,create date:1984/08/01 | first author:Niklasson F
A new selective suicide inhibitor of peripheral DOPA decarboxylase.,/pubmed/6364729,"Wajsbort J, Youdim MB.",Adv Neurol. 1984;40:251-8.,Adv Neurol.  1984,PubMed,citation,PMID:6364729,pubmed,6364729,create date:1984/01/01 | first author:Wajsbort J
Depression and somatosensory evoked potentials: II. Correlations between SEP and depressive phenomenology.,/pubmed/6135458,"Agren H, Osterberg B, Franzén O.",Biol Psychiatry. 1983 Jun;18(6):651-9.,Biol Psychiatry.  1983,PubMed,citation,PMID:6135458,pubmed,6135458,create date:1983/06/01 | first author:Agren H
"Ocular quinine toxicity followed by electroretinogram, electro-oculogram, and pattern visually evoked potential.",/pubmed/7270659,"Zahn JR, Brinton GF, Norton E.",Am J Optom Physiol Opt. 1981 Jun;58(6):492-8.,Am J Optom Physiol Opt.  1981,PubMed,citation,PMID:7270659,pubmed,7270659,create date:1981/06/01 | first author:Zahn JR
Electroencephalographic abnormalities in suicidal patients.,/pubmed/438142,"Volow MR, Zung WW, Green RL Jr.",J Clin Psychiatry. 1979 May;40(5):213-6.,J Clin Psychiatry.  1979,PubMed,citation,PMID:438142,pubmed,438142,create date:1979/05/01 | first author:Volow MR
[Cerebral bioelectric activity disorders in acute intoxication with hypoglycemic agents].,/pubmed/450178,"Langauer-Lewowicka H, Zuchowska B, Zajac-Nédza M.",Neurol Neurochir Pol. 1979 Mar-Apr;13(2):147-53. Polish. ,Neurol Neurochir Pol.  1979,PubMed,citation,PMID:450178,pubmed,450178,create date:1979/03/01 | first author:Langauer-Lewowicka H
Alpha and beta coma in drug intoxication uncomplicated by cerebral hypoxia.,/pubmed/88336,"Carroll WM, Mastaglia FL.",Electroencephalogr Clin Neurophysiol. 1979 Jan;46(1):95-105.,Electroencephalogr Clin Neurophysiol.  1979,PubMed,citation,PMID:88336,pubmed,88336,create date:1979/01/01 | first author:Carroll WM
[Cerebral bioelectrical activity disorders in acute hydrazine poisoning].,/pubmed/714225,"Langauer-Lewowicka H, Kujawska A.",Neurol Neurochir Pol. 1978 Jul-Aug;12(4):451-6. Polish. ,Neurol Neurochir Pol.  1978,PubMed,citation,PMID:714225,pubmed,714225,create date:1978/07/01 | first author:Langauer-Lewowicka H
On early and mid-adolescent schizophrenia. Part 1: Phenomenological aspects.,/pubmed/658849,"Kimura S, Asai S, Wakeno M, Aoki N.",Folia Psychiatr Neurol Jpn. 1978;32(1):41-56.,Folia Psychiatr Neurol Jpn.  1978,PubMed,citation,PMID:658849,pubmed,658849,create date:1978/01/01 | first author:Kimura S
Various degrees of dementia in a selected group of gastrectomized patients with low serum B12.,/pubmed/855644,"Roos D, Willanger R.",Acta Neurol Scand. 1977 May;55(5):363-76.,Acta Neurol Scand.  1977,PubMed,citation,PMID:855644,pubmed,855644,create date:1977/05/01 | first author:Roos D
[Mental disorder in strangulation asphyxia].,/pubmed/1266490,"Fedotov DD, Tseĭtlin VA, Chudin AS, Petukhova GN.",Zh Nevropatol Psikhiatr Im S S Korsakova. 1976;76(2):249-52. Russian. ,Zh Nevropatol Psikhiatr Im S S Korsakova.  1976,PubMed,citation,PMID:1266490,pubmed,1266490,create date:1976/01/01 | first author:Fedotov DD
Psychomotor-psychic seizures treated with bilateral amygdalotomy and orbitotomy.,/pubmed/1246659,Andy OJ.,South Med J. 1976 Jan;69(1):88-93.,South Med J.  1976,PubMed,citation,PMID:1246659,pubmed,1246659,create date:1976/01/01 | first author:Andy OJ
EEG CHANGES AND PSYCHIATRIC FINDINGS IN SUICIDAL CARBON-MONOXIDE POISONING.,/pubmed/14337146,MANN J.,Dis Nerv Syst. 1965 Aug;26:508-11. No abstract available. ,Dis Nerv Syst.  1965,PubMed,citation,PMID:14337146,pubmed,14337146,create date:1965/08/01 | first author:MANN J
[EEG CHANGES IN A PSYCHOSIS CAUSED BY INH AND AFTER A SUICIDE ATTEMPT WITH NICOTEBEN].,/pubmed/14230781,"KUBICKI S, IBE K, GOETZE W.",Arch Toxikol. 1964 May 27;20:197-209. German.  No abstract available. ,Arch Toxikol.  1964,PubMed,citation,PMID:14230781,pubmed,14230781,create date:1964/05/27 | first author:KUBICKI S
[ON AMITRIPTYLINE POISONING].,/pubmed/14172667,"ADNER M, OLSSON KE.",Sven Lakartidn. 1964 May 6;61:1525-7. Swedish.  No abstract available. ,Sven Lakartidn.  1964,PubMed,citation,PMID:14172667,pubmed,14172667,create date:1964/05/06 | first author:ADNER M
"PARAPHRENIC, MELANCHOLIC AND PSYCHONEUROTIC STATES IN THE PRESENILE-SENILE PERIOD OF LIFE. A STUDY OF 649 PATIENTS IN THE FUNCTIONAL DIVISION.",/pubmed/14252588,SJOEGREN H.,Acta Psychiatr Scand. 1964;40:SUPPL 176:1-63. No abstract available. ,Acta Psychiatr Scand.  1964,PubMed,citation,PMID:14252588,pubmed,14252588,create date:1964/01/01 | first author:SJOEGREN H
THE TREATMENT OF CARBON MONOXIDE POISONING BY THE ADMINISTRATION OF OXYGEN AT HIGH ATMOSPHERIC PRESSURE.,/pubmed/14084399,SLUIJTER ME.,Proc R Soc Med. 1963 Nov;56:1002-8. No abstract available. ,Proc R Soc Med.  1963,PubMed,citation,PMID:14084399 | PMCID:PMC1897688,pubmed,14084399,create date:1963/11/01 | first author:SLUIJTER ME
[EEG changes after survival following suicide attempt by hanging].,/pubmed/14407050,JENDRYSCHIK AH.,Dtsch Z Gesamte Gerichtl Med. 1959;49:78-83. German.  No abstract available. ,Dtsch Z Gesamte Gerichtl Med.  1959,PubMed,citation,PMID:14407050,pubmed,14407050,create date:1959/01/01 | first author:JENDRYSCHIK AH
Clinical observations of suicide.,/pubmed/13573305,STRAKER M.,Can Med Assoc J. 1958 Sep 15;79(6):473-9. No abstract available. ,Can Med Assoc J.  1958,PubMed,citation,PMID:13573305 | PMCID:PMC1830151,pubmed,13573305,create date:1958/09/15 | first author:STRAKER M
[EEG examination in suicide by hanging].,/pubmed/13353091,NIEDERMEYER E.,Wien Klin Wochenschr. 1956 Jul 6;68(27):555-6. German.  No abstract available. ,Wien Klin Wochenschr.  1956,PubMed,citation,PMID:13353091,pubmed,13353091,create date:1956/07/06 | first author:NIEDERMEYER E
